user_input,reference
叶凡在地渊灵矿中为什么无法吸纳逸散灵气？他吞下整块灵石后发生了什么？,"指甲缝里嵌着黑红的矿渣，叶凡用指骨刮下岩壁上最后一道灵光。那点微芒在他掌心滚了半圈，便沉入皮肉深处——经脉如枯河断流，灵气撞进体内，只激起一阵灼痛，随即消散无踪。他喉结动了动，把涌到嘴边的血沫咽回去。""上品灵石！第三巷道出了上品！""杂脉贱种也配碰这等灵物？""监工啐了一口，却突然将灵石塞回叶凡嘴里，""吞了！省得老子上报损耗！""灵石卡在喉管，像块烧红的铁。叶凡蜷起身子干呕，腹腔里传来刀刃刮过脏腑的声响。劣质辟谷丹化成的酸水混着血丝从鼻腔倒灌出来，他眼前发黑，耳中嗡鸣着母亲昨夜咳出的血泡声。"
执法队为什么要启动镇脉封洞阵？叶凡的母亲在封洞阵法中遭遇了什么？,"地底传来第一声闷响。不是雷。是某种更沉的东西在岩层深处翻身。叶凡后颈汗毛竖起，禁灵环突然发烫，烙铁般咬进皮肉。头顶岩壁簌簌落下矿粉，蛛网状的裂纹正以肉眼可见的速度蔓延。远处传来执法队的铜锣声，急促而冰冷。""封洞！保三号灵脉节点！""第三巷道浊灵逸散，浓度超阈。""他声音平直，不带起伏，""启动封洞阵，以活奴填脉。""叶凡浑身一僵。活奴填脉——他听过这词。矿奴若未死绝，便被拖至裂缝处，以血肉为引，激活阵纹，强行封堵地脉。阵成之日，千魂同祭，血肉化泥，永镇地渊。""大人！""母亲突然扑跪向前，双手高举，枯瘦如柴，""我儿吞了上品灵石，经脉已污，活不过三日！留他无用，放我替他填阵！求您！""话音未落，地面骤然裂开。一道血色符链自地缝中窜出，如毒蛇缠住她腰身，猛地往下一拽。她整个人被拖入地缝，只留下半截手臂露在外面，五指仍张开，指向叶凡的方向。"
叶凡是如何在濒死之际触发刹那明悟并挣脱禁灵环的？挣脱禁灵环的代价是什么？,"刹那间，他脑中浮现出昨日巷道塌方时，一块巨岩滚落砸向同伴的轨迹——不是直线，而是因岩层应力偏转了七度。这念头毫无来绪，却如刀劈开混沌。他忽然明白：禁灵环的锁扣并非均匀分布，第三十七片鳞甲之下，有一处微不可察的应力死角。若以纯物理之力，自外向内猛击此处，或可震松机括。""他左手五指并拢，以掌缘为刃，挟全身残存之力，狠狠劈向禁灵环第三十七片鳞甲下方。动作快得撕裂空气，带出一道血雾。""咔。""一声轻响，几不可闻。禁灵环应声崩解。三十六片寒铁鳞甲弹射而出，深深嵌入四周岩壁。环脱瞬间，叶凡如遭万针穿颅——不是疼痛，而是某种更可怕的东西被抽离。神魂似被无形之手攥住，一缕一缕抽出体外。他七窍溢血，鼻腔、眼角、耳孔皆淌下温热液体，视野迅速灰暗。"
叶凡识破了商队的什么身份？沙傀是什么？沙傀胸腔内藏有什么？,"驼队转过一道赭红色岩脊，前方豁然开阔。荒原尽头，一座灰白石堡矗立沙海中央，旗杆上悬着青底金纹的玉衡宫徽——九瓣莲环绕一柄断剑。可那不是驿站。叶凡曾在矿洞偷看过宗门舆图，此地名为""枯骨驿""，早已废弃三十年。玉衡宫在此设暗桩，必有所图。""叶凡被拖进阴凉地窖。墙壁嵌满骨钉，地上铺着干草，草下隐约有符文流转。他被扔在角落，麻绳未解。饲鸦人转身与另一名灰袍人低语，声音压得极低，但右耳尚存，他捕捉到几个字：""……血稻余孽……焚天宗要活口……三日后星陨潮……""血稻余孽？叶凡心头一凛。传闻血稻乃禁忌之物，食之可伪充灵根，却会引动心魔反噬，被七大宗定为邪种。玉衡宫竟在此搜捕余孽？他目光扫过灰袍人袖口——内衬绣着半片莲瓣，与玉衡宫徽吻合，但针脚歪斜，似是仓促缝制。再看饲鸦人腰间，除了灵石，还多了一枚青铜哨，哨身刻着细密雷纹——那是焚天宗执法堂的传讯器。他们不是贩奴，是诱饵。""夜半，风沙骤急。驼铃狂响，如鬼哭。饲鸦人猛地惊醒，冲出地窖。叶凡听见他嘶吼：""沙傀！是沙傀群！""地面震动。无数沙粒聚成人形，高逾丈许，关节处嵌着碎裂的灵石残渣，眼中燃着幽绿磷火。"
叶凡是如何炸毁丹炉并反杀焚天宗执事的？玉简遇火显出了什么字？,"叶凡左手悄悄摸向腰后。那里藏着三截火针余烬——方才抽髓时，他借身体颤抖，将针尖刮断藏于掌心。火针乃焚天宗秘制，以地火淬炼，余烬含微量火髓晶，遇血即燃。他咬破舌尖，血混余烬，攥成一团。""赵执事。""他忽然开口，声音平静，""若我自愿献母骨，可否容我亲手焚之？""赵无咎回头，眼中闪过一丝疑色，随即化为轻蔑。""孝子？倒少见。""他挥手撤去禁制，""去吧。莫耍花样，你神魂枯竭，连只沙蝎都杀不死。""叶凡踉跄起身，走向尸骨。每一步，脊椎都似要断裂。他跪下，解开麻布，捧起母亲颅骨。额骨冰凉，眼窝深陷，却仍残留一丝温润——那是道果残韵最后的馈赠。他低头，唇贴近颅骨耳孔，用仅存的右耳低语：""娘，再借我一次命。""话音落，掌心血烬骤燃。火苗顺指缝窜上手臂，却未灼伤皮肉，反而钻入经脉，直冲脊椎旧伤。剧痛炸开，眼前发黑，但他笑了。火髓晶燃血为引，可暂压神魂溃散；而母亲骨中残韵，正与他血脉共鸣——这不是献祭，是借骨为桥，引火入体！""叶凡已扑向丹炉。不是逃，是撞。他用头颅狠狠砸向炉壁，颅骨与青铜相击，发出闷响。炉内三具干尸同时睁眼，青紫雾霭倒卷，裹住他全身。火苗自他七窍喷出，与炉火交融，竟凝成一道赤色符纹——形如断剑，正是玉衡宫徽。""叶凡扑向他腰间储物袋。手指刚触到袋口，赵无咎突然狞笑，左手甩出一道赤符。符纸燃起，化作一只火鹤冲天而起，尖啸刺耳。传讯符！玉衡宫的执法符鹤！叶凡心头一沉，却不敢停。他撕下储物袋，同时瞥见袋中滑落一物——一枚青玉简，表面刻着两个古篆：血稻。""他低头看玉简。火光映照下，简面""血稻""二字竟开始融化，露出底下一行小字：""血稻之乱，玉衡宫罪。伪种播于民田，嫁祸赤禾军，焚城三十七，戮百万。""字迹未干，似以人血写就。"
叶凡如何激活禁灵环青纹并引动天象异变？执法弟子为什么称他为雷眼余孽？,"叶凡咬破舌尖，腥咸在口中炸开。他猛地低头，一口血喷在胸前衣襟，右手却闪电般探向颈后——那里还嵌着半圈旧环残片，三年前崩断时割进皮肉，如今已与筋膜长成一体。他五指抠住环缘，指甲劈裂，血混着脓水涌出。剧痛让他眼前炸出金星，可指尖触到那青纹的刹那，一股微弱的震颤顺着手臂窜上脊椎。不是封印。是共鸣。他豁然明白：这环不是锁，是钥匙。上古封印残迹，本就不属玉衡宫所有。他们只知用它压制矿奴，却不知其纹可逆引天机。""他在施邪术！""一名弟子厉喝，手中符钉猛插地面。锁灵链骤然绷直，叶凡胸口如遭重锤，肋骨发出脆响。他踉跄跪倒，却趁势将整只手掌按在禁灵环上，咬牙逼出心头精血，狠狠抹过青纹。血入纹隙，青光乍现。环身嗡鸣如龙吟，锈壳寸寸剥落。锁灵阵中央的铁环剧烈震颤，七道锁链同时发出哀鸣，其中三根""啪""地崩断。阵网裂开一道缝隙，不过三息宽窄。""风停了。云聚了。一道闷雷滚过天穹，低沉如巨兽磨牙。废墟上空，乌云漩涡般旋转，中心裂开一线紫电，直指叶凡背心。""雷眼余孽！""执法弟子声音发颤，""他引动了天罚！""叶凡冲出废墟边界，踏入赤砂海边缘。脚下黄沙滚烫，身后雷云如影随形。第三道雷尚未落下，玉衡宫弟子已纷纷后退——《九寰律》明载：雷眼血脉者，天厌之，人避之，见之即焚，不得近身百步。"
拾荒者首领透露了关于禁灵环青纹的什么信息？噬魂鸦目内藏有什么？,"一个披着狼尾斗篷的老者从帐篷里走出，左眼蒙着黑布，右眼浑浊却锐利。他盯着叶凡颈后——那里，禁灵环残片嵌入皮肉，青纹在火光下若隐若现。""你从玉衡矿洞来？""老者问，声音低如砂纸摩擦。叶凡没答，只将火髓晶往前递了寸许。老者忽然伸手，不是接晶石，而是猛地掀开他衣领。青纹暴露在火光下，纹路如古篆，似锁非锁，似印非印。老者瞳孔骤缩，喉结滚动，竟后退半步，右手无意识按上自己左腕——那里有一道陈年烙印，形状竟与青纹一角隐隐相合。""那环……""老者坐在对面，手指摩挲腕上烙印，""不是矿奴标识。""是封印奴的血脉烙。""老者压低嗓音，""上古仙庭覆灭前，曾以万民为炉，炼'无心道体'。失败者沦为矿奴，成功者……早被抹去姓名。你颈上这纹，是实验品的编号，也是封印阵眼。""叶凡指尖微颤。他想起母亲临终前反复摩挲他后颈的动作，原以为是不舍，如今想来，或许是确认。""为何告诉我？""老者苦笑：""因我祖父，也是其中之一。我们这一支，逃到南荒，世代不敢提'仙'字。可你……竟能引动雷云而不死。""他望向帐外，""雷眼余孽？不，你是被天道遗忘的人。正因如此，才可能活下来。""老者独战五具沙傀，刀刃崩口，左臂被削去半截。他踉跄退至叶凡身侧，从怀中掏出一物塞进他手心。""塞进左耳！""老者嘶吼，""能挡神念吞噬！快走！寒铁索桥……是唯一生路！""那是一枚乌黑眼珠，表面覆着细密鳞纹，触手冰凉，竟微微搏动。"
叶凡在黑市发现了什么？通缉令上将他标注为什么身份？,"南荒黑市建在干涸古河床的断崖之下，入口藏于一道坍塌的石拱门后。门楣上刻着早已失传的古篆，字迹被风沙磨平，只剩轮廓如兽齿。市口两侧立着两尊石傀，眼窝空洞，手中托盘盛满人指骨，骨节泛黄，有的还缠着褪色红绳。叶凡低头佝偻，将破麻布裹紧肩头，扮作驼夫。他从拾荒者营地顺走一件旧袍，袖口磨得发亮，腰间系着半截草绳。颈后禁灵环残片用泥灰糊住，青纹隐没不见。他混入人流，脚步虚浮却不敢停。""他拐进一条窄巷，墙角贴满通缉画像。纸张新旧不一，最上方那张墨迹未干，画中人眉骨高耸，唇薄如刃，正是他自己。画像下方朱砂批注：""叶凡，玉衡矿奴，勾结血稻余孽，焚毁灵田三千顷，罪证确凿。凡提供线索者，赏筑基丹一枚。""血稻余孽？他指尖掐进掌心。三日前他还在矿洞废墟啃食蜥蜴干肉，何曾见过什么赤禾军？更遑论焚田。可画像旁附有""玉衡宫验魂印""——那是以修士魂魄为墨、真言为笔所书，伪造者神魂俱灭。此印一出，天下皆信。他盯着那行字，胃部一阵痉挛。原以为逃出矿洞便是挣脱枷锁，如今才知，枷锁早已铸进他的名字里。宗门不需要证据，只需一个""余孽""之名，便可将他钉死在秩序之外。"
叶凡在雷瘴中失去了什么？他如何在没有听觉的情况下继续前行？,"尸油面皮贴在脸上，像一层刚剥下的死皮。叶凡用湿布裹住口鼻，只留双眼在外。寒铁匕首横在胸前，刃尖微微下垂，每一步都踩得极轻，脚掌先触地，再缓缓放落全身重量。赤砂海的沙砾被雷瘴浸透，踩上去不再松软，而是凝成一种半硬的胶质，每踏一步，脚下便传来细微的噼啪声——那是雷丝在沙粒间游走，如活物般试探入侵者。他左耳深处那枚嵌入皮肉的鸦目，原本微光闪烁，此刻却开始发烫。不是火灼般的烫，而是一种沉滞的、仿佛内部正在溃烂的温热。他右耳尚存一丝听力，能听见自己粗重的喘息，但那声音遥远得如同隔着一层水幕。风停了，雷云低垂，紫黑色雾气自地缝中升腾，浓稠如血浆，翻涌着将天光吞尽。他踏入雷瘴。刹那间，识海如遭重锤。无数破碎画面炸开：母亲背着他爬出矿洞时颈后渗血的禁灵环、清瘴人咳出骨渣的嘴角、噬魂鸦爪尖撕裂皮肉的银光……这些记忆并非浮现，而是被强行塞入，每一帧都裹挟着刺骨寒意。他踉跄一步，匕首险些脱手。雷瘴不单湮灭神识，更会翻搅人心最痛处，以幻象为饵，诱其心神溃散。""左耳忽然剧痛。不是刺痛，是熔化的痛。仿佛有滚烫的蜡液从颅内灌入耳道。他伸手一摸，指尖沾上黏腻黑浆——鸦目正在融化。那枚从噬魂鸦颅中剜出的眼珠，本就非活物，此刻被高浓度雷毒侵蚀，表层溃烂，内里幽火熄灭。他试图将其抠出，可皮肉早已与之长合，稍一用力，耳廓撕裂，血混着黑脓淌下肩头。他停下，靠在一块焦岩上喘息。左耳彻底失聪，世界骤然倾斜。右耳那点残余听力也迅速被雷瘴吞噬，只剩嗡鸣，如千虫钻脑。""他咬紧牙关，舌尖早已麻木，尝不出血腥味。只能靠触觉判断方向——地面微倾，东南方略低，那是桥的位置。他闭眼再睁，强迫自己盯住前方雾中隐约轮廓。两座孤峰倒悬于云海之上，中间一道细线横贯，正是寒铁索桥。""他闭上眼，不再看。右手紧握匕首，左手按住左耳伤口，任雷丝顺着指缝爬上手臂。皮肤瞬间焦黑，留下蛛网般的银痕，痛感却迟钝得诡异——或许痛觉神经已被雷毒麻痹。他迈步，一步，两步，三步。每一步都像踩在刀尖上，又像踩在虚空里。没有声音，没有风，只有脚下胶质沙地的微震，通过脚骨传至脊椎。"
叶凡在寒铁索桥上如何采雷髓芝？他为什么选择将雷髓芝掷入深渊而不是交给执法队？,"叶凡终于摸到寒铁索桥起点，桥下深渊吞没神识；桥心处，一株银白雷髓芝正随雷光脉动。他左耳只剩一个溃烂的黑洞，右耳里嗡鸣如铁屑灌满颅腔。世界被剥去声音，只剩下触觉——脚下铁索冰冷刺骨，每根绞链都覆着薄霜似的雷霜，指尖一碰，皮肤便裂开细纹，渗出血珠。他右手紧攥寒铁匕首，左手五指张开，扣住最上方那根铁链。指节因用力而泛白，指甲缝里嵌进铁锈与雷灰。他开始爬。身体贴着铁索，像一条被剥了皮的蛇。右腿先挪，膝盖压上铁链时，雷丝骤然窜起，如毒蛇噬咬。小腿肌肉瞬间抽搐，焦黑蔓延至膝窝。他咬住下唇，血顺着下巴滴落，在铁链上蒸腾成一缕青烟。他不敢看，只盯着前方——雷髓芝在桥心三丈处，幽蓝微光随雷云呼吸明灭，每一次闪烁，桥身便震颤一次，仿佛整座桥是活的，正随着雷脉搏动。""他爬到离芝草五步远时，铁索忽然剧烈晃动。不是风。是雷脉被惊动了。雷髓芝根须深扎桥基，连通地底雷脉。采摘即断脉，断脉即引天怒。他早知道。但他别无选择。没有雷髓芝，他撑不过筑基劫火；没有筑基，他连叩问天道的资格都没有。他松开左手，仅凭右手与双腿夹住铁索，缓缓直起身。寒铁匕首插回腰间，右手探出，五指成爪，悬于雷髓芝上方半寸。芝草表面电弧噼啪炸响，映得他瞳孔收缩如针尖。他掌心汗湿，却不敢擦——汗液含盐，遇雷即爆。就在指尖触到芝体的刹那，整座桥猛地一沉！轰——！一道紫雷自桥心炸开，不是从天而降，而是从桥底深渊反冲而上！雷柱粗如水桶，裹挟着硫磺与臭氧的腥气，直贯叶凡右腿。他整个人被掀飞，脊背撞上铁索，又弹回空中。右腿自大腿根至脚踝，皮肉翻卷，露出森白腿骨，焦黑处滋滋冒烟。痛感迟了半息才涌上来，像千万根烧红的针从骨髓里往外扎。他没叫。喉头滚动，把惨嚎咽成一声闷哼。右手死死攥住雷髓芝，根须断裂时发出脆响，如枯枝折断。芝草入手滚烫，几乎要熔穿掌心。他迅速将芝草塞入怀中贴身布袋——那是清瘴人留下的油布囊，内衬雷蚕丝，可暂隔雷性。""可就在此刻，头顶瘴雾被劈开。三道青色剑光撕裂紫黑雾障，如鹰隼俯冲。剑未至，威压先临。叶凡颈上禁灵环猛地一烫，青纹隐现，竟微微发亮——这矿奴烙印，此刻竟在抗拒某种更高阶的灵压。""散修窃芝，罪同叛宗！""左侧剑光中传来冷喝。声音穿透雷瘴，清晰如刀。叶凡抬头。三名青冥剑宗执法弟子御剑悬空，白衣绣青竹，腰佩玉符。为首者面如冠玉，眼神却似冰锥，手中长剑未出鞘，剑穗却已无风自动，指向叶凡心口。""交出雷髓芝，自缚双手，或可留你全尸。""右侧弟子补充，语气平淡，如同吩咐仆役收拾残羹。""此芝生于雷脉，非尔等圈养之物。""他开口，声音沙哑如砂纸磨铁。左耳失聪，他听不清自己说了什么，只靠喉结震动判断语句完整。""放肆！""中间弟子厉喝，""雷瘴区乃青冥辖地，一草一木皆属宗门。你这贱奴，也敢妄论归属？""叶凡笑了。嘴角扯动，牵起脸上干裂的血痂。他想起矿洞里被抽魂炼丹的同伴，想起清瘴人咳出骨渣时眼中的光，想起母亲背他爬出废墟时颈后渗血的禁灵环。宗门？秩序？不过是强者的食槽，弱者的坟场。他忽然站起，右腿剧痛令他身形一晃，却未倒。右手一扬，雷髓芝脱手而出，划出一道幽蓝弧线，直坠深渊。""你们——不配。"""
